{
  "project_info": {
    "project_number": "394714968896",
    "firebase_url": "https://cme3-abeba.firebaseio.com",
    "project_id": "cme3-abeba",
    "storage_bucket": "cme3-abeba.appspot.com"
  },
  "client": [
    {
      "client_info": {
        "mobilesdk_app_id": "1:394714968896:android:588054b2318f71c6",
        "android_client_info": {
          "package_name": "com.example.kevin.cme3"
        }
      },
      "oauth_client": [
        {
          "client_id": "394714968896-arfdirn1106fnsidvb8odkj6buc4aupt.apps.googleusercontent.com",
          "client_type": 1,
          "android_info": {
            "package_name": "com.example.kevin.cme3",
            "certificate_hash": "76528b61c5732a7d26235ad43b5fdeb7e274946e"
          }
        },
        {
          "client_id": "394714968896-6fiacd2qskcb9bu6lqml610tah5bfd0p.apps.googleusercontent.com",
          "client_type": 3
        }
      ],
      "api_key": [
        {
          "current_key": "AIzaSyAkaD8uyA8Gepzoqton78kYmSXvqph9Hfg"
        }
      ],
      "services": {
        "analytics_service": {
          "status": 1
        },
        "appinvite_service": {
          "status": 2,
          "other_platform_oauth_client": [
            {
              "client_id": "394714968896-6fiacd2qskcb9bu6lqml610tah5bfd0p.apps.googleusercontent.com",
              "client_type": 3
            }
          ]
        },
        "ads_service": {
          "status": 2
        }
      }
    }
  ],
  "configuration_version": "1"
}